timestamp,city,weather,summary
2025-04-19 15:29:54.486679,Kochi,"29.51°C, overcast clouds"," 'Tokyo Revengers' se prepara para su temporada 4, y viene con nuevo nombre y cambios al mando del anime . A cell pulls off one of the 'Holy Grails"
2025-04-19 15:31:30.612503,New york,"16.43°C, overcast clouds", Feds charge director with $11 million fraud over his unfinished Netflix show . The FBI launched a task force to investigate Tesla attacks .
2025-04-19 15:36:42.966510,Kochi,"29.51°C, overcast clouds"," 'Tokyo Revengers' se prepara para su temporada 4, y viene con nuevo nombre y cambios al mando del anime . A cell pulls off one of the 'Holy Grails"
2025-04-19 15:36:50.028935,Kochi,"29.51°C, overcast clouds"," 'Tokyo Revengers' se prepara para su temporada 4, y viene con nuevo nombre y cambios al mando del anime . A cell pulls off one of the 'Holy Grails"
2025-04-19 15:37:02.310055,Kochi,"29.51°C, overcast clouds"," 'Tokyo Revengers' se prepara para su temporada 4, y viene con nuevo nombre y cambios al mando del anime . A cell pulls off one of the 'Holy Grails"
2025-04-19 15:37:23.290530,Vaikom,"29.6°C, overcast clouds"," Letters to the Editor dated March 28, 2025 . Letters from 2025: Hoteliers get fast and furious in adding rooms . Hoteliers are adding rooms in a bid to add rooms ."
2025-04-19 15:38:03.893647,Kochi,"29.51°C, overcast clouds"," 'Tokyo Revengers' se prepara para su temporada 4, y viene con nuevo nombre y cambios al mando del anime . A cell pulls off one of the 'Holy Grails"
2025-04-19 15:38:13.158758,Kochi,"29.51°C, overcast clouds"," 'Tokyo Revengers' se prepara para su temporada 4, y viene con nuevo nombre y cambios al mando del anime . A cell pulls off one of the 'Holy Grails"
2025-04-19 15:38:17.533379,Kochi,"29.51°C, overcast clouds"," 'Tokyo Revengers' se prepara para su temporada 4, y viene con nuevo nombre y cambios al mando del anime . A cell pulls off one of the 'Holy Grails"
2025-04-19 15:38:21.728934,Kochi,"29.51°C, overcast clouds"," 'Tokyo Revengers' se prepara para su temporada 4, y viene con nuevo nombre y cambios al mando del anime . A cell pulls off one of the 'Holy Grails"
2025-04-19 15:38:26.117785,Kochi,"29.51°C, overcast clouds"," 'Tokyo Revengers' se prepara para su temporada 4, y viene con nuevo nombre y cambios al mando del anime . A cell pulls off one of the 'Holy Grails"
2025-04-19 15:40:28.066774,New Delhi,"41.96°C, clear sky", Passengers end up in Texas instead of Tokyo after spending about 12 hours in the air on diverted flight . The 11 Most WIRED Watches That Dropped at Watches & Wonders 2025 .
2025-04-19 15:55:15.477891,Kochi,"29.51°C, overcast clouds"," 'Tokyo Revengers' se prepara para su temporada 4, y viene con nuevo nombre y cambios al mando del anime . A cell pulls off one of the 'Holy Grails"
2025-04-19 15:59:49.454772,New york,"16.83°C, overcast clouds", Feds charge director with $11 million fraud over his unfinished Netflix show . The FBI launched a task force to investigate Tesla attacks .
2025-04-21 17:33:33.082484,Kochi,"29.77°C, few clouds",Japanese court gives seller of modified Nintendo Switch systems suspended two-year prison sentence. Dwa lata więzienia i wysoka grzywna za sprzedaż zmodyfikowanej konsoli do gier. 'Tokyo Revengers' se prepara para su temporada 4.
2025-04-21 17:40:43.169419,Las Vegas,"13.98°C, few clouds",Google used AI to enhance The Wizard of Oz for the Las Vegas Sphere’s giant screen. The immersive version of the film will be available on the giant screen for the first time. Google will also be using AI to create a virtual reality version of Star Wars: The Last Jedi.
2025-04-21 17:41:24.284418,PAlamkadavu,Weather API error: city not found,CNN.com will feature iReporter photos in a weekly Travel Snapshots gallery. Please submit your best shots of the U.S. for next week. Visit CNN.com/Travel next Wednesday for a new gallery of snapshots. Please share your best photos of the United States with CNN iReport.
2025-04-21 17:45:40.799727,Mumbai,"29.55°C, clear sky",Rupee to tank on US tariffs-fuelled meltdown in Asia equities. 'Edwards era will be a turning point for England' PM Modi and Elon Musk talk India-US tech collaboration. 'Rupee will tank on U.S. tariffs'
2025-05-05 14:30:50.804668,Los Angels,Weather API error: city not found,El diseño filtrado de los iPhone 17 Pro ya tiene una posible consecuencia: la muerte de los Sonny Angels. MLB honors Robinson: 'Keeping his legacy burning' Texas' Corbin nearly missed start after being bitten by a dog.
2025-05-05 14:31:15.533321,Tokyo,"18.76°C, broken clouds",Waymo readies autonomous cars for first international tests in Japan. Olympic 100m medallist Kerley arrested in Miami on drug charges. Waymo to test autonomous cars in Japan for the first time this year. Waymos to test cars in Tokyo for first time in Japan this week.
2025-05-05 14:32:23.203629,Tokyo,"18.76°C, broken clouds",Waymo readies autonomous cars for first international tests in Japan. Olympic 100m medallist Kerley arrested in Miami on drug charges. Waymo to test autonomous cars in Japan for the first time this year. Waymos to test cars in Tokyo for first time in Japan this week.
